Handle,Title,"Body (HTML)",Vendor,Type,Tags,Published,"Option1 Name","Option1 Value","Option2 Name","Option2 Value","Option3 Name","Option3 Value","Variant SKU","Variant Grams","Variant Inventory Tracker","Variant Inventory Qty","Variant Inventory Policy","Variant Fulfillment Service","Variant Price","Variant Compare At Price","Variant Requires Shipping","Variant Taxable","Variant Barcode","Image Src","Image Alt Text","Gift Card","Google Shopping / MPN","Google Shopping / Gender","Google Shopping / Age Group","Google Shopping / Google Product Category","SEO Title","SEO Description","Google Shopping / AdWords Grouping","Google Shopping / AdWords Labels","Google Shopping / Condition","Google Shopping / Custom Product","Google Shopping / Custom Label 0","Google Shopping / Custom Label 1","Google Shopping / Custom Label 2","Google Shopping / Custom Label 3","Google Shopping / Custom Label 4","Variant Image","Variant Weight Unit"
cloud-shorts,"Cloud Shorts","Cloud Shorts","Mr. GuGu",Shorts,"All-Over-Prints, care-instructions, Coupon, Guys, Mr. GuGu, PreOrdered, shipping-21-days, Shorts, size-L, size-M, size-S, size-XS",TRUE,Size,X-Small,Color,"Slate Gray",,,GUGSH0000UXS,0,,1,deny,manual,49.84,59.95,TRUE,TRUE,,https://cdn.shopify.com/s/files/1/0228/8535/products/clouds_shorts.jpg?v=1438467802,,FALSE,GUGSH0000UXS,unisex,adult,"apparel & accessories > clothing > shorts",,,,,New,FALSE,,,,,,https://cdn.shopify.com/s/files/1/0228/8535/products/clouds_shorts.jpg?v=1438467802&var_sku=GUGSH0000UXS,lb
cloud-shorts,,,,,,,Size,Large,Color,"Slate Gray",,,GUGSH0000ULG,0,,1,deny,manual,49.84,59.95,TRUE,TRUE,,,,,GUGSH0000ULG,unisex,adult,"apparel & accessories > clothing > shorts",,,,,New,,,,,,,https://cdn.shopify.com/s/files/1/0228/8535/products/clouds_shorts.jpg?v=1438467802&var_sku=GUGSH0000ULG,lb
cloud-shorts,,,,,,,Size,Medium,Color,"Slate Gray",,,GUGSH0000UMD,0,,1,deny,manual,49.84,59.95,TRUE,TRUE,,,,,GUGSH0000UMD,unisex,adult,"apparel & accessories > clothing > shorts",,,,,New,,,,,,,https://cdn.shopify.com/s/files/1/0228/8535/products/clouds_shorts.jpg?v=1438467802&var_sku=GUGSH0000UMD,lb
cloud-shorts,,,,,,,Size,Small,Color,"Slate Gray",,,GUGSH0000USM,0,,1,deny,manual,49.84,59.95,TRUE,TRUE,,,,,GUGSH0000USM,unisex,adult,"apparel & accessories > clothing > shorts",,,,,New,,,,,,,https://cdn.shopify.com/s/files/1/0228/8535/products/clouds_shorts.jpg?v=1438467802&var_sku=GUGSH0000USM,lb
cloud-shorts-ready-to-ship,"Cloud Shorts *Ready to Ship*","<meta charset=""utf-8""><span>Not available in your size? </span><span style=""color: #000000;""><a href=""http://www.rageon.com/products/cloud-shorts"" style=""color: #000000;""><strong><em>Click here to order now! </em></strong></a></span>","Mr. GuGu","Ready to Ship","All-Over-Prints, care-instructions, Coupon, Guys, Mr. GuGu, Ready to Ship, Retail, shipping-1-days, shipping-10-days, Shorts, size-XS",FALSE,Size,X-Small,Color,"Slate Gray",,,GUGSH0000UXSRTS,0,shopify,0,deny,manual,59.84,69.84,TRUE,TRUE,,https://cdn.shopify.com/s/files/1/0228/8535/products/clouds_shorts_grande_ee8ff9d9-01ea-4f9b-81e4-5e0b45e295ab.jpg?v=1438488403,,FALSE,GUGSH0000UXSRTS,unisex,adult,"apparel & accessories > clothing > shorts",,,,,New,,,,,,,https://cdn.shopify.com/s/files/1/0228/8535/products/clouds_shorts_grande_ee8ff9d9-01ea-4f9b-81e4-5e0b45e295ab.jpg?v=1438488403&var_sku=GUGSH0000UXSRTS,lb
cosmic-forces-board-shorts,"Cosmic Forces Board Shorts","<p>The beauty of space is finally captured and available in these cool Cosmic Forces Board Shorts from Classics! This vibrant space swimwear design was created for all you space lovers! So go and get your now, exclusively form Rage On!</p>",Classics,Swimwear,"All-Over-Prints, care-instructions, Classics, Coupon, Guys, PreOrdered, Retail, shipping-21-days, size-L, size-M, size-S, Swimwear, theme-space",TRUE,Size,Small,Color,"Pale Green",,,AOPSH0056USM,0,,0,deny,manual,49.84,59.95,TRUE,TRUE,,https://cdn.shopify.com/s/files/1/0228/8535/products/21.jpg?v=1438502208,,FALSE,AOPSH0056USM,unisex,adult,"apparel & accessories > clothing > shorts",,,Swimwear,Swimwear,New,FALSE,,,,,,https://cdn.shopify.com/s/files/1/0228/8535/products/21.jpg?v=1438502208&var_sku=AOPSH0056USM,lb
cosmic-forces-board-shorts,,,,,,,Size,Large,Color,"Pale Green",,,AOPSH0056ULG,0,,1,deny,manual,49.84,59.95,TRUE,TRUE,,,,,AOPSH0056ULG,unisex,adult,"apparel & accessories > clothing > shorts",,,,,New,,,,,,,https://cdn.shopify.com/s/files/1/0228/8535/products/21.jpg?v=1438502208&var_sku=AOPSH0056ULG,lb
cosmic-forces-board-shorts,,,,,,,Size,Medium,Color,"Pale Green",,,AOPSH0056UMD,0,,0,deny,manual,49.84,59.95,TRUE,TRUE,,,,,AOPSH0056UMD,unisex,adult,"apparel & accessories > clothing > shorts",,,,,New,,,,,,,https://cdn.shopify.com/s/files/1/0228/8535/products/21.jpg?v=1438502208&var_sku=AOPSH0056UMD,lb
cosmic-forces-board-shorts,,,,,,,Size,X-Large,Color,"Pale Green",,,AOPSH0056UXL,0,,1,deny,manual,49.84,59.95,TRUE,TRUE,,,,,AOPSH0056UXL,unisex,adult,"apparel & accessories > clothing > shorts",,,,,New,,,,,,,https://cdn.shopify.com/s/files/1/0228/8535/products/21.jpg?v=1438502208&var_sku=AOPSH0056UXL,lb
floral-board-shorts,"Floral Board Shorts","<meta charset=""utf-8""><span>Kick back and relax with these fully sublimated, all-over print Floral Board Shorts designed by artist Trick Moranis. This vibrant design features the chillest of flowers, leaves, and ferns that will some trippy greens, blues and reds to your day. Go on, be as chill as a cucumber. Get these psychedelic shorts now, only at RageOn.</span>","Trick Moranis",Swimwear,"All-Over-Prints, Artist Made, care-instructions, Coupon, Guys, PreOrdered, Retail, shipping-21-days, size-L, size-M, size-S, Swimwear, theme-streetwear, Trick Moranis",TRUE,Size,Small,Color,"Dark Violet",,,AOPSH1637USM,0,,1,deny,manual,49.84,59.95,TRUE,TRUE,,https://cdn.shopify.com/s/files/1/0228/8535/products/AOPSH1637U_Floral_Mockup.jpg?v=1438503319,,FALSE,AOPSH1637USM,unisex,adult,"apparel & accessories > clothing > shorts",,,Swimwear,Swimwear,New,FALSE,,,,,,https://cdn.shopify.com/s/files/1/0228/8535/products/AOPSH1637U_Floral_Mockup.jpg?v=1438503319&var_sku=AOPSH1637USM,lb
floral-board-shorts,,,,,,,Size,Large,Color,"Dark Violet",,,AOPSH1637ULG,0,,1,deny,manual,49.84,59.95,TRUE,TRUE,,,,,AOPSH1637ULG,unisex,adult,"apparel & accessories > clothing > shorts",,,,,New,,,,,,,https://cdn.shopify.com/s/files/1/0228/8535/products/AOPSH1637U_Floral_Mockup.jpg?v=1438503319&var_sku=AOPSH1637ULG,lb
floral-board-shorts,,,,,,,Size,Medium,Color,"Dark Violet",,,AOPSH1637UMD,0,,1,deny,manual,49.84,59.95,TRUE,TRUE,,,,,AOPSH1637UMD,unisex,adult,"apparel & accessories > clothing > shorts",,,,,New,,,,,,,https://cdn.shopify.com/s/files/1/0228/8535/products/AOPSH1637U_Floral_Mockup.jpg?v=1438503319&var_sku=AOPSH1637UMD,lb
floral-board-shorts,,,,,,,Size,X-Large,Color,"Dark Violet",,,AOPSH1637UXL,0,,1,deny,manual,49.84,59.95,TRUE,TRUE,,,,,AOPSH1637UXL,unisex,adult,"apparel & accessories > clothing > shorts",,,,,New,,,,,,,https://cdn.shopify.com/s/files/1/0228/8535/products/AOPSH1637U_Floral_Mockup.jpg?v=1438503319&var_sku=AOPSH1637UXL,lb
gameboy-shorts,"Gameboy Shorts","Gameboy Shorts","Mr. GuGu",Shorts,"All-Over-Prints, care-instructions, Coupon, Guys, Mr. GuGu, PreOrdered, shipping-21-days, Shorts, size-L, size-M, size-S, size-XS",TRUE,Size,X-Small,Color,"Light Gray",,,GUGSH0001UXS,0,,1,deny,manual,49.84,59.95,TRUE,TRUE,,https://cdn.shopify.com/s/files/1/0228/8535/products/gameboy_shorts.jpg?v=1438467804,,FALSE,GUGSH0001UXS,unisex,adult,"apparel & accessories > clothing > shorts",,,,,New,FALSE,,,,,,https://cdn.shopify.com/s/files/1/0228/8535/products/gameboy_shorts.jpg?v=1438467804&var_sku=GUGSH0001UXS,lb
gameboy-shorts,,,,,,,Size,Large,Color,"Light Gray",,,GUGSH0001ULG,0,,1,deny,manual,49.84,59.95,TRUE,TRUE,,,,,GUGSH0001ULG,unisex,adult,"apparel & accessories > clothing > shorts",,,,,New,,,,,,,https://cdn.shopify.com/s/files/1/0228/8535/products/gameboy_shorts.jpg?v=1438467804&var_sku=GUGSH0001ULG,lb
gameboy-shorts,,,,,,,Size,Medium,Color,"Light Gray",,,GUGSH0001UMD,0,,1,deny,manual,49.84,59.95,TRUE,TRUE,,,,,GUGSH0001UMD,unisex,adult,"apparel & accessories > clothing > shorts",,,,,New,,,,,,,https://cdn.shopify.com/s/files/1/0228/8535/products/gameboy_shorts.jpg?v=1438467804&var_sku=GUGSH0001UMD,lb
gameboy-shorts,,,,,,,Size,Small,Color,"Light Gray",,,GUGSH0001USM,0,,1,deny,manual,49.84,59.95,TRUE,TRUE,,,,,GUGSH0001USM,unisex,adult,"apparel & accessories > clothing > shorts",,,,,New,,,,,,,https://cdn.shopify.com/s/files/1/0228/8535/products/gameboy_shorts.jpg?v=1438467804&var_sku=GUGSH0001USM,lb
gameboy-shorts-ready-to-ship,"Gameboy Shorts *Ready to Ship*","<meta charset=""utf-8""><span>Not available in your size? </span><span style=""color: #000000;""><a href=""http://www.rageon.com/products/gameboy-shorts"" style=""color: #000000;""><strong><em>Click here to order now! </em></strong></a></span>","Mr. GuGu","Ready to Ship","All-Over-Prints, care-instructions, Coupon, Guys, Mr. GuGu, Ready to Ship, Retail, shipping-1-days, shipping-10-days, Shorts, size-S, size-XS",TRUE,Size,X-Small,Color,"Light Gray",,,GUGSH0001UXSRTS,0,shopify,1,deny,manual,59.84,69.84,TRUE,TRUE,,https://cdn.shopify.com/s/files/1/0228/8535/products/gameboy_shorts_grande_763023a1-468a-4ce1-8bdf-13fc568603a4.jpg?v=1438488411,,FALSE,GUGSH0001UXSRTS,unisex,adult,"apparel & accessories > clothing > shorts",,,,,New,TRUE,,,,,,https://cdn.shopify.com/s/files/1/0228/8535/products/gameboy_shorts_grande_763023a1-468a-4ce1-8bdf-13fc568603a4.jpg?v=1438488411&var_sku=GUGSH0001UXSRTS,lb
gameboy-shorts-ready-to-ship,,,,,,,Size,Small,Color,"Light Gray",,,GUGSH0001USMRTS,0,shopify,1,deny,manual,59.84,69.84,TRUE,TRUE,,,,,GUGSH0001USMRTS,unisex,adult,"apparel & accessories > clothing > shorts",,,,,New,,,,,,,https://cdn.shopify.com/s/files/1/0228/8535/products/gameboy_shorts_grande_763023a1-468a-4ce1-8bdf-13fc568603a4.jpg?v=1438488411&var_sku=GUGSH0001USMRTS,lb
hologram-shorts,"Hologram Shorts","Hologram Shorts","Mr. GuGu",Shorts,"All-Over-Prints, care-instructions, Coupon, Guys, Mr. GuGu, PreOrdered, shipping-21-days, Shorts, size-L, size-M, size-S, size-XS",TRUE,Size,X-Small,Color,Peru,,,GUGSH0002UXS,0,,1,deny,manual,49.84,59.95,TRUE,TRUE,,https://cdn.shopify.com/s/files/1/0228/8535/products/hologram_shorts.jpg?v=1438467806,,FALSE,GUGSH0002UXS,unisex,adult,"apparel & accessories > clothing > shorts",,,,,New,FALSE,,,,,,https://cdn.shopify.com/s/files/1/0228/8535/products/hologram_shorts.jpg?v=1438467806&var_sku=GUGSH0002UXS,lb
hologram-shorts,,,,,,,Size,Large,Color,Peru,,,GUGSH0002ULG,0,,1,deny,manual,49.84,59.95,TRUE,TRUE,,,,,GUGSH0002ULG,unisex,adult,"apparel & accessories > clothing > shorts",,,,,New,,,,,,,https://cdn.shopify.com/s/files/1/0228/8535/products/hologram_shorts.jpg?v=1438467806&var_sku=GUGSH0002ULG,lb
hologram-shorts,,,,,,,Size,Medium,Color,Peru,,,GUGSH0002UMD,0,,0,deny,manual,49.84,59.95,TRUE,TRUE,,,,,GUGSH0002UMD,unisex,adult,"apparel & accessories > clothing > shorts",,,,,New,,,,,,,https://cdn.shopify.com/s/files/1/0228/8535/products/hologram_shorts.jpg?v=1438467806&var_sku=GUGSH0002UMD,lb
hologram-shorts,,,,,,,Size,Small,Color,Peru,,,GUGSH0002USM,0,,1,deny,manual,49.84,59.95,TRUE,TRUE,,,,,GUGSH0002USM,unisex,adult,"apparel & accessories > clothing > shorts",,,,,New,,,,,,,https://cdn.shopify.com/s/files/1/0228/8535/products/hologram_shorts.jpg?v=1438467806&var_sku=GUGSH0002USM,lb
hologram-shorts-ready-to-ship,"Hologram Shorts *Ready to Ship*","<meta charset=""utf-8""><span>Not available in your size? </span><span style=""color: #000000;""><a href=""http://www.rageon.com/products/hologram-shorts"" style=""color: #000000;""><strong><em>Click here to order now! </em></strong></a></span>","Mr. GuGu","Ready to Ship","All-Over-Prints, care-instructions, Coupon, Guys, Mr. GuGu, Ready to Ship, Retail, shipping-1-days, shipping-10-days, Shorts, size-L",TRUE,Size,Large,Color,Peru,,,GUGSH0002ULGRTS,0,shopify,1,deny,manual,59.84,69.84,TRUE,TRUE,,https://cdn.shopify.com/s/files/1/0228/8535/products/hologram_shorts_grande_74e9fc70-c1c5-419f-a7ed-fd7467606462.jpg?v=1438488405,,FALSE,GUGSH0002ULGRTS,unisex,adult,"apparel & accessories > clothing > shorts",,,,,New,TRUE,,,,,,https://cdn.shopify.com/s/files/1/0228/8535/products/hologram_shorts_grande_74e9fc70-c1c5-419f-a7ed-fd7467606462.jpg?v=1438488405&var_sku=GUGSH0002ULGRTS,lb
let-s-rage-shorts-green-and-black,"Let's Rage Shorts (Green and Black)","<p><span>Rage gear for all seasons! Let&#39;s Rage wants you to be comfortable while raging in any condition! Our shorts are in high demand, so get yours today!</span></p>","Let's Rage",Shorts,"$20 Holla, Girls, Let's Rage, Ready to Ship, Retail, sale, shipping-1-days, shipping-10-days, Shorts & Skirts, size-XS, warehouse",TRUE,Size,X-Small,Color,Green,,,LRCSH0003WXS,0,shopify,8,deny,manual,10.00,39.95,TRUE,TRUE,,https://cdn.shopify.com/s/files/1/0228/8535/products/Green_Black_Shorts_Let_s_Rage.jpg?v=1438468398,,FALSE,LRCSH0003WXS,unisex,adult,"apparel & accessories > clothing > shorts",,,Shorts,Shorts,new,TRUE,,,,,,https://cdn.shopify.com/s/files/1/0228/8535/products/Green_Black_Shorts_Let_s_Rage.jpg?v=1438468398&var_sku=LRCSH0003WXS,lb
let-s-rage-shorts-yellow-and-black,"Let's Rage Shorts (Yellow and Black)","<p><span>Rage gear for all seasons! Let&#39;s Rage wants you to be comfortable while raging in any condition! Our shorts are in high demand, so get yours today!</span></p>","Let's Rage",Shorts,"$20 Holla, Girls, Let's Rage, Ready to Ship, Retail, sale, shipping-1-days, shipping-10-days, Shorts & Skirts, size-XS, warehouse",TRUE,Size,X-Small,Color,Yellow,,,LRCSH0005WXS,0,shopify,30,deny,manual,11.00,39.95,TRUE,TRUE,,https://cdn.shopify.com/s/files/1/0228/8535/products/Yellow_Black_Let_s_Rage_Shorts_Girls.jpg?v=1438468396,,FALSE,LRCSH0005WXS,unisex,adult,"apparel & accessories > clothing > shorts",,,Shorts,Shorts,new,TRUE,,,,,,https://cdn.shopify.com/s/files/1/0228/8535/products/Yellow_Black_Let_s_Rage_Shorts_Girls.jpg?v=1438468396&var_sku=LRCSH0005WXS,lb
monster-2-shorts,"Monster 2 Shorts","Monster 2 Shorts","Mr. GuGu",Shorts,"All-Over-Prints, care-instructions, Coupon, Guys, Mr. GuGu, PreOrdered, shipping-21-days, Shorts, size-L, size-M, size-S, size-XS",TRUE,Size,X-Small,Color,"Light GoldenRod Yellow",,,GUGSH0003UXS,0,,1,deny,manual,49.84,59.95,TRUE,TRUE,,https://cdn.shopify.com/s/files/1/0228/8535/products/monster_2_shorts.jpg?v=1438467824,,FALSE,GUGSH0003UXS,unisex,adult,"apparel & accessories > clothing > shorts",,,,,New,FALSE,,,,,,https://cdn.shopify.com/s/files/1/0228/8535/products/monster_2_shorts.jpg?v=1438467824&var_sku=GUGSH0003UXS,lb
monster-2-shorts,,,,,,,Size,Large,Color,"Light GoldenRod Yellow",,,GUGSH0003ULG,0,,1,deny,manual,49.84,59.95,TRUE,TRUE,,https://cdn.shopify.com/s/files/1/0228/8535/products/monster2-shorts.jpg?v=1438467824,,,GUGSH0003ULG,unisex,adult,"apparel & accessories > clothing > shorts",,,,,New,,,,,,,https://cdn.shopify.com/s/files/1/0228/8535/products/monster_2_shorts.jpg?v=1438467824&var_sku=GUGSH0003ULG,lb
monster-2-shorts,,,,,,,Size,Medium,Color,"Light GoldenRod Yellow",,,GUGSH0003UMD,0,,1,deny,manual,49.84,59.95,TRUE,TRUE,,,,,GUGSH0003UMD,unisex,adult,"apparel & accessories > clothing > shorts",,,,,New,,,,,,,https://cdn.shopify.com/s/files/1/0228/8535/products/monster_2_shorts.jpg?v=1438467824&var_sku=GUGSH0003UMD,lb
monster-2-shorts,,,,,,,Size,Small,Color,"Light GoldenRod Yellow",,,GUGSH0003USM,0,,1,deny,manual,49.84,59.95,TRUE,TRUE,,,,,GUGSH0003USM,unisex,adult,"apparel & accessories > clothing > shorts",,,,,New,,,,,,,https://cdn.shopify.com/s/files/1/0228/8535/products/monster_2_shorts.jpg?v=1438467824&var_sku=GUGSH0003USM,lb
monster-shorts,"Monster Shorts","Monster Shorts","Mr. GuGu",Shorts,"All-Over-Prints, care-instructions, Coupon, Guys, Mr. GuGu, PreOrdered, shipping-21-days, Shorts, size-L, size-M, size-S, size-XS",TRUE,Size,X-Small,Color,Plum,,,GUGSH0004UXS,0,,1,deny,manual,49.84,59.95,TRUE,TRUE,,https://cdn.shopify.com/s/files/1/0228/8535/products/monster_shorts.jpg?v=1438467826,,FALSE,GUGSH0004UXS,unisex,adult,"apparel & accessories > clothing > shorts",,,,,New,FALSE,,,,,,https://cdn.shopify.com/s/files/1/0228/8535/products/monster_shorts.jpg?v=1438467826&var_sku=GUGSH0004UXS,lb
monster-shorts,,,,,,,Size,Large,Color,Plum,,,GUGSH0004ULG,0,,-1,deny,manual,49.84,59.95,TRUE,TRUE,,https://cdn.shopify.com/s/files/1/0228/8535/products/monster-shorts_2.jpg?v=1438467826,,,GUGSH0004ULG,unisex,adult,"apparel & accessories > clothing > shorts",,,,,New,,,,,,,https://cdn.shopify.com/s/files/1/0228/8535/products/monster_shorts.jpg?v=1438467826&var_sku=GUGSH0004ULG,lb
monster-shorts,,,,,,,Size,Medium,Color,Plum,,,GUGSH0004UMD,0,,1,deny,manual,49.84,59.95,TRUE,TRUE,,,,,GUGSH0004UMD,unisex,adult,"apparel & accessories > clothing > shorts",,,,,New,,,,,,,https://cdn.shopify.com/s/files/1/0228/8535/products/monster_shorts.jpg?v=1438467826&var_sku=GUGSH0004UMD,lb
monster-shorts,,,,,,,Size,Small,Color,Plum,,,GUGSH0004USM,0,,1,deny,manual,49.84,59.95,TRUE,TRUE,,,,,GUGSH0004USM,unisex,adult,"apparel & accessories > clothing > shorts",,,,,New,,,,,,,https://cdn.shopify.com/s/files/1/0228/8535/products/monster_shorts.jpg?v=1438467826&var_sku=GUGSH0004USM,lb
moro-shorts,"Moro Shorts","Moro Shorts","Mr. GuGu",Shorts,"All-Over-Prints, care-instructions, Coupon, Guys, Mr. GuGu, PreOrdered, shipping-21-days, Shorts, size-L, size-M, size-S, size-XS",TRUE,Size,X-Small,Color,"Saddle Brown",,,GUGSH0005UXS,0,,1,deny,manual,49.84,59.95,TRUE,TRUE,,https://cdn.shopify.com/s/files/1/0228/8535/products/moro_shorts.jpg?v=1438467829,,FALSE,GUGSH0005UXS,unisex,adult,"apparel & accessories > clothing > shorts",,,,,New,FALSE,,,,,,https://cdn.shopify.com/s/files/1/0228/8535/products/moro_shorts.jpg?v=1438467829&var_sku=GUGSH0005UXS,lb
moro-shorts,,,,,,,Size,Large,Color,"Saddle Brown",,,GUGSH0005ULG,0,,1,deny,manual,49.84,59.95,TRUE,TRUE,,https://cdn.shopify.com/s/files/1/0228/8535/products/moro-shorts.jpg?v=1438467829,,,GUGSH0005ULG,unisex,adult,"apparel & accessories > clothing > shorts",,,,,New,,,,,,,https://cdn.shopify.com/s/files/1/0228/8535/products/moro_shorts.jpg?v=1438467829&var_sku=GUGSH0005ULG,lb
moro-shorts,,,,,,,Size,Medium,Color,"Saddle Brown",,,GUGSH0005UMD,0,,1,deny,manual,49.84,59.95,TRUE,TRUE,,,,,GUGSH0005UMD,unisex,adult,"apparel & accessories > clothing > shorts",,,,,New,,,,,,,https://cdn.shopify.com/s/files/1/0228/8535/products/moro_shorts.jpg?v=1438467829&var_sku=GUGSH0005UMD,lb
moro-shorts,,,,,,,Size,Small,Color,"Saddle Brown",,,GUGSH0005USM,0,,1,deny,manual,49.84,59.95,TRUE,TRUE,,,,,GUGSH0005USM,unisex,adult,"apparel & accessories > clothing > shorts",,,,,New,,,,,,,https://cdn.shopify.com/s/files/1/0228/8535/products/moro_shorts.jpg?v=1438467829&var_sku=GUGSH0005USM,lb
moro-shorts-ready-to-ship,"Moro Shorts *Ready to Ship*","<meta charset=""utf-8""><span>Not available in your size? </span><span style=""color: #000000;""><a href=""http://www.rageon.com/products/moro-shorts"" style=""color: #000000;""><strong><em>Click here to order now! </em></strong></a></span>","Mr. GuGu","Ready to Ship","size-L, size-M, size-S, size-XS",TRUE,Size,X-Small,Color,Peru,,,GUGSH0005UXSRTS,0,shopify,1,deny,manual,59.84,69.84,TRUE,TRUE,,https://cdn.shopify.com/s/files/1/0228/8535/products/moro_shorts_grande_7fb83984-02cb-4fa3-a0eb-863c49d3e223.jpg?v=1438488410,,FALSE,GUGSH0005UXSRTS,unisex,adult,"apparel & accessories > clothing > shorts",,,,,New,TRUE,,,,,,https://cdn.shopify.com/s/files/1/0228/8535/products/moro_shorts_grande_7fb83984-02cb-4fa3-a0eb-863c49d3e223.jpg?v=1438488410&var_sku=GUGSH0005UXSRTS,lb
moro-shorts-ready-to-ship,,,,,,,Size,Large,Color,Peru,,,GUGSH0005ULGRTS,0,shopify,1,deny,manual,59.84,69.84,TRUE,TRUE,,,,,GUGSH0005ULGRTS,unisex,adult,"apparel & accessories > clothing > shorts",,,,,New,,,,,,,https://cdn.shopify.com/s/files/1/0228/8535/products/moro-shorts.jpg?v=1438467829&var_sku=GUGSH0005ULGRTS,lb
moro-shorts-ready-to-ship,,,,,,,Size,Medium,Color,Peru,,,GUGSH0005UMDRTS,0,shopify,1,deny,manual,59.84,69.84,TRUE,TRUE,,,,,GUGSH0005UMDRTS,unisex,adult,"apparel & accessories > clothing > shorts",,,,,New,,,,,,,https://cdn.shopify.com/s/files/1/0228/8535/products/moro-shorts.jpg?v=1438467829&var_sku=GUGSH0005UMDRTS,lb
moro-shorts-ready-to-ship,,,,,,,Size,Small,Color,Peru,,,GUGSH0005USMRTS,0,shopify,1,deny,manual,59.84,69.84,TRUE,TRUE,,https://cdn.shopify.com/s/files/1/0228/8535/products/moro-shorts_grande_3764f869-a1f1-4824-b65e-5c5e191165c1.jpg?v=1438488410,,,GUGSH0005USMRTS,unisex,adult,"apparel & accessories > clothing > shorts",,,,,New,,,,,,,https://cdn.shopify.com/s/files/1/0228/8535/products/moro-shorts_grande_3764f869-a1f1-4824-b65e-5c5e191165c1.jpg?v=1438488410&var_sku=GUGSH0005USMRTS,lb
pink-nebula-shorts,"Pink Nebula Shorts","Pink Nebula Shorts","Mr. GuGu",Shorts,"All-Over-Prints, care-instructions, Coupon, Guys, Mr. GuGu, PreOrdered, shipping-21-days, Shorts, size-L, size-M, size-S, size-XS",TRUE,Size,X-Small,Color,"Dark Sea Green",,,GUGSH0006UXS,0,,1,deny,manual,49.84,59.95,TRUE,TRUE,,https://cdn.shopify.com/s/files/1/0228/8535/products/pink_nebula_shorts.jpg?v=1438467831,,FALSE,GUGSH0006UXS,unisex,adult,"apparel & accessories > clothing > shorts",,,,,New,FALSE,,,,,,https://cdn.shopify.com/s/files/1/0228/8535/products/pink_nebula_shorts.jpg?v=1438467831&var_sku=GUGSH0006UXS,lb
pink-nebula-shorts,,,,,,,Size,Large,Color,"Dark Sea Green",,,GUGSH0006ULG,0,,1,deny,manual,49.84,59.95,TRUE,TRUE,,,,,GUGSH0006ULG,unisex,adult,"apparel & accessories > clothing > shorts",,,,,New,,,,,,,https://cdn.shopify.com/s/files/1/0228/8535/products/pink_nebula_shorts.jpg?v=1438467831&var_sku=GUGSH0006ULG,lb
pink-nebula-shorts,,,,,,,Size,Medium,Color,"Dark Sea Green",,,GUGSH0006UMD,0,,1,deny,manual,49.84,59.95,TRUE,TRUE,,,,,GUGSH0006UMD,unisex,adult,"apparel & accessories > clothing > shorts",,,,,New,,,,,,,https://cdn.shopify.com/s/files/1/0228/8535/products/pink_nebula_shorts.jpg?v=1438467831&var_sku=GUGSH0006UMD,lb
pink-nebula-shorts,,,,,,,Size,Small,Color,"Dark Sea Green",,,GUGSH0006USM,0,,1,deny,manual,49.84,59.95,TRUE,TRUE,,https://cdn.shopify.com/s/files/1/0228/8535/products/pink-nebula-shorts_2.jpg?v=1438467831,,,GUGSH0006USM,unisex,adult,"apparel & accessories > clothing > shorts",,,,,New,,,,,,,https://cdn.shopify.com/s/files/1/0228/8535/products/pink_nebula_shorts.jpg?v=1438467831&var_sku=GUGSH0006USM,lb
pink-nebula-shorts-ready-to-ship,"Pink Nebula Shorts *Ready to Ship*","<meta charset=""utf-8""><span>Not available in your size? </span><span style=""color: #000000;""><a href=""http://www.rageon.com/products/pink-nebula-shorts"" style=""color: #000000;""><strong><em>Click here to order now! </em></strong></a></span>","Mr. GuGu","Ready to Ship","All-Over-Prints, care-instructions, Coupon, Guys, Mr. GuGu, Ready to Ship, Retail, shipping-1-days, shipping-10-days, Shorts, size-XS",TRUE,Size,X-Small,Color,"Saddle Brown",,,GUGSH0006UXSRTS,0,shopify,1,deny,manual,59.84,69.84,TRUE,TRUE,,https://cdn.shopify.com/s/files/1/0228/8535/products/pink_nebula_shorts_grande_a03ac8c5-ab31-4734-9046-9b6a079a9e1e.jpg?v=1438488404,,FALSE,GUGSH0006UXSRTS,unisex,adult,"apparel & accessories > clothing > shorts",,,,,New,TRUE,,,,,,https://cdn.shopify.com/s/files/1/0228/8535/products/pink_nebula_shorts_grande_a03ac8c5-ab31-4734-9046-9b6a079a9e1e.jpg?v=1438488404&var_sku=GUGSH0006UXSRTS,lb
playstation-shorts,"Playstation Shorts","Playstation Shorts","Mr. GuGu",Shorts,"All-Over-Prints, care-instructions, Coupon, Guys, Mr. GuGu, PreOrdered, shipping-21-days, Shorts, size-L, size-M, size-S, size-XS",TRUE,Size,X-Small,Color,"Sandy Brown",,,GUGSH0007UXS,0,,1,deny,manual,49.84,59.95,TRUE,TRUE,,https://cdn.shopify.com/s/files/1/0228/8535/products/playstation_shorts.jpg?v=1438467834,,FALSE,GUGSH0007UXS,unisex,adult,"apparel & accessories > clothing > shorts",,,,,New,FALSE,,,,,,https://cdn.shopify.com/s/files/1/0228/8535/products/playstation_shorts.jpg?v=1438467834&var_sku=GUGSH0007UXS,lb
playstation-shorts,,,,,,,Size,Large,Color,"Sandy Brown",,,GUGSH0007ULG,0,,1,deny,manual,49.84,59.95,TRUE,TRUE,,,,,GUGSH0007ULG,unisex,adult,"apparel & accessories > clothing > shorts",,,,,New,,,,,,,https://cdn.shopify.com/s/files/1/0228/8535/products/playstation_shorts.jpg?v=1438467834&var_sku=GUGSH0007ULG,lb
playstation-shorts,,,,,,,Size,Medium,Color,"Sandy Brown",,,GUGSH0007UMD,0,,1,deny,manual,49.84,59.95,TRUE,TRUE,,,,,GUGSH0007UMD,unisex,adult,"apparel & accessories > clothing > shorts",,,,,New,,,,,,,https://cdn.shopify.com/s/files/1/0228/8535/products/playstation_shorts.jpg?v=1438467834&var_sku=GUGSH0007UMD,lb
playstation-shorts,,,,,,,Size,Small,Color,"Sandy Brown",,,GUGSH0007USM,0,,1,deny,manual,49.84,59.95,TRUE,TRUE,,https://cdn.shopify.com/s/files/1/0228/8535/products/playstation-shorts2_2.jpg?v=1438467834,,,GUGSH0007USM,unisex,adult,"apparel & accessories > clothing > shorts",,,,,New,,,,,,,https://cdn.shopify.com/s/files/1/0228/8535/products/playstation_shorts.jpg?v=1438467834&var_sku=GUGSH0007USM,lb
pulp-shorts-2,"Pulp Shorts 2","Pulp Shorts 2","Mr. GuGu",Shorts,"All-Over-Print, Coupon, Guys, Mr. GuGu, PreOrdered, shipping-21-days, Shorts, size-L, size-M, size-S, size-XS",TRUE,Size,X-Small,Color,Silver,,,GUGSH0008UXS,0,,1,deny,manual,49.84,59.95,TRUE,TRUE,,https://cdn.shopify.com/s/files/1/0228/8535/products/pulp_shorts_2.jpg?v=1438467838,,FALSE,GUGSH0008UXS,unisex,adult,"apparel & accessories > clothing > shorts",,,,,New,FALSE,,,,,,https://cdn.shopify.com/s/files/1/0228/8535/products/pulp_shorts_2.jpg?v=1438467838&var_sku=GUGSH0008UXS,lb
pulp-shorts-2,,,,,,,Size,Large,Color,Silver,,,GUGSH0008ULG,0,,1,deny,manual,49.84,59.95,TRUE,TRUE,,,,,GUGSH0008ULG,unisex,adult,"apparel & accessories > clothing > shorts",,,,,New,,,,,,,https://cdn.shopify.com/s/files/1/0228/8535/products/pulp_shorts_2.jpg?v=1438467838&var_sku=GUGSH0008ULG,lb
pulp-shorts-2,,,,,,,Size,Medium,Color,Silver,,,GUGSH0008UMD,0,,1,deny,manual,49.84,59.95,TRUE,TRUE,,https://cdn.shopify.com/s/files/1/0228/8535/products/pulp-shorts2_2.jpg?v=1438467838,,,GUGSH0008UMD,unisex,adult,"apparel & accessories > clothing > shorts",,,,,New,,,,,,,https://cdn.shopify.com/s/files/1/0228/8535/products/pulp_shorts_2.jpg?v=1438467838&var_sku=GUGSH0008UMD,lb
pulp-shorts-2,,,,,,,Size,Small,Color,Silver,,,GUGSH0008USM,0,,1,deny,manual,49.84,59.95,TRUE,TRUE,,,,,GUGSH0008USM,unisex,adult,"apparel & accessories > clothing > shorts",,,,,New,,,,,,,https://cdn.shopify.com/s/files/1/0228/8535/products/pulp_shorts_2.jpg?v=1438467838&var_sku=GUGSH0008USM,lb
rip-diet-shorts,"RIP Diet Shorts","RIP Diet Shorts","Mr. GuGu",Shorts,"All-Over-Prints, care-instructions, Coupon, Guys, Mr. GuGu, PreOrdered, shipping-21-days, Shorts, size-L, size-M, size-S, size-XS",TRUE,Size,X-Small,Color,"Dark Violet",,,GUGSH0009UXS,0,,1,deny,manual,49.84,59.95,TRUE,TRUE,,https://cdn.shopify.com/s/files/1/0228/8535/products/RIP_diet_shorts.jpg?v=1438467841,,FALSE,GUGSH0009UXS,unisex,adult,"apparel & accessories > clothing > shorts",,,,,New,FALSE,,,,,,https://cdn.shopify.com/s/files/1/0228/8535/products/RIP_diet_shorts.jpg?v=1438467841&var_sku=GUGSH0009UXS,lb
rip-diet-shorts,,,,,,,Size,Large,Color,"Dark Violet",,,GUGSH0009ULG,0,,1,deny,manual,49.84,59.95,TRUE,TRUE,,,,,GUGSH0009ULG,unisex,adult,"apparel & accessories > clothing > shorts",,,,,New,,,,,,,https://cdn.shopify.com/s/files/1/0228/8535/products/RIP_diet_shorts.jpg?v=1438467841&var_sku=GUGSH0009ULG,lb
rip-diet-shorts,,,,,,,Size,Medium,Color,"Dark Violet",,,GUGSH0009UMD,0,,1,deny,manual,49.84,59.95,TRUE,TRUE,,,,,GUGSH0009UMD,unisex,adult,"apparel & accessories > clothing > shorts",,,,,New,,,,,,,https://cdn.shopify.com/s/files/1/0228/8535/products/RIP_diet_shorts.jpg?v=1438467841&var_sku=GUGSH0009UMD,lb
rip-diet-shorts,,,,,,,Size,Small,Color,"Dark Violet",,,GUGSH0009USM,0,,1,deny,manual,49.84,59.95,TRUE,TRUE,,https://cdn.shopify.com/s/files/1/0228/8535/products/rip-diet-shorts.jpg?v=1438467841,,,GUGSH0009USM,unisex,adult,"apparel & accessories > clothing > shorts",,,,,New,,,,,,,https://cdn.shopify.com/s/files/1/0228/8535/products/RIP_diet_shorts.jpg?v=1438467841&var_sku=GUGSH0009USM,lb
roses-shorts,"Roses Shorts","Roses Shorts","Mr. GuGu",Shorts,"All-Over-Prints, care-instructions, Coupon, Guys, Mr. GuGu, PreOrdered, shipping-21-days, Shorts, size-L, size-M, size-S, size-XS",TRUE,Size,X-Small,Color,Peru,,,GUGSH0010UXS,0,,1,deny,manual,49.84,59.95,TRUE,TRUE,,https://cdn.shopify.com/s/files/1/0228/8535/products/roses_shorts.jpg?v=1438467820,,FALSE,GUGSH0010UXS,unisex,adult,"apparel & accessories > clothing > shorts",,,,,New,FALSE,,,,,,https://cdn.shopify.com/s/files/1/0228/8535/products/roses_shorts.jpg?v=1438467820&var_sku=GUGSH0010UXS,lb
roses-shorts,,,,,,,Size,Large,Color,Peru,,,GUGSH0010ULG,0,,1,deny,manual,49.84,59.95,TRUE,TRUE,,,,,GUGSH0010ULG,unisex,adult,"apparel & accessories > clothing > shorts",,,,,New,,,,,,,https://cdn.shopify.com/s/files/1/0228/8535/products/roses_shorts.jpg?v=1438467820&var_sku=GUGSH0010ULG,lb
roses-shorts,,,,,,,Size,Medium,Color,Peru,,,GUGSH0010UMD,0,,1,deny,manual,49.84,59.95,TRUE,TRUE,,,,,GUGSH0010UMD,unisex,adult,"apparel & accessories > clothing > shorts",,,,,New,,,,,,,https://cdn.shopify.com/s/files/1/0228/8535/products/roses_shorts.jpg?v=1438467820&var_sku=GUGSH0010UMD,lb
roses-shorts,,,,,,,Size,Small,Color,Peru,,,GUGSH0010USM,0,,1,deny,manual,49.84,59.95,TRUE,TRUE,,,,,GUGSH0010USM,unisex,adult,"apparel & accessories > clothing > shorts",,,,,New,,,,,,,https://cdn.shopify.com/s/files/1/0228/8535/products/roses_shorts.jpg?v=1438467820&var_sku=GUGSH0010USM,lb
star-wars-shorts,"Star Wars Shorts","<meta charset=""utf-8""><span>May the force be with you! Check out these sick all-over-print Star Wars Shorts from Mr. Gugu! These vibrant shorts feature 8bit versions of your favorite Star Wars characters! Get these shorts today, only from RageOn!</span>","Mr. GuGu",Shorts,"All-Over-Prints, care-instructions, Coupon, Guys, Mr. GuGu, PreOrdered, shipping-21-days, Shorts, size-L, size-M, size-S, size-XS",TRUE,Size,X-Small,Color,Gray,,,GUGSH0011UXS,0,,1,deny,manual,49.84,59.95,TRUE,TRUE,,https://cdn.shopify.com/s/files/1/0228/8535/products/star_wars_shorts.jpg?v=1438467844,,FALSE,GUGSH0011UXS,unisex,adult,"apparel & accessories > clothing > shorts",,,Shorts,Shorts,new,TRUE,,,,,,https://cdn.shopify.com/s/files/1/0228/8535/products/star_wars_shorts.jpg?v=1438467844&var_sku=GUGSH0011UXS,lb
star-wars-shorts,,,,,,,Size,Large,Color,Gray,,,GUGSH0011ULG,0,,0,deny,manual,49.84,59.95,TRUE,TRUE,,,,,GUGSH0011ULG,unisex,adult,"apparel & accessories > clothing > shorts",,,,,New,,,,,,,https://cdn.shopify.com/s/files/1/0228/8535/products/star_wars_shorts.jpg?v=1438467844&var_sku=GUGSH0011ULG,lb
star-wars-shorts,,,,,,,Size,Medium,Color,Gray,,,GUGSH0011UMD,0,,1,deny,manual,49.84,59.95,TRUE,TRUE,,,,,GUGSH0011UMD,unisex,adult,"apparel & accessories > clothing > shorts",,,,,New,,,,,,,https://cdn.shopify.com/s/files/1/0228/8535/products/star_wars_shorts.jpg?v=1438467844&var_sku=GUGSH0011UMD,lb
star-wars-shorts,,,,,,,Size,Small,Color,Gray,,,GUGSH0011USM,0,,1,deny,manual,49.84,59.95,TRUE,TRUE,,https://cdn.shopify.com/s/files/1/0228/8535/products/star-wars-shorts2.jpg?v=1438467844,,,GUGSH0011USM,unisex,adult,"apparel & accessories > clothing > shorts",,,,,New,,,,,,,https://cdn.shopify.com/s/files/1/0228/8535/products/star_wars_shorts.jpg?v=1438467844&var_sku=GUGSH0011USM,lb
star-wars-shorts-ready-to-ship,"Star Wars Shorts *Ready to Ship*","<meta charset=""utf-8""><span>Not available in your size? </span><span style=""color: #000000;""><a href=""http://www.rageon.com/products/star-wars-shorts"" style=""color: #000000;""><strong><em>Click here to order now! </em></strong></a></span><meta charset=""utf-8""><br><span style=""color: #000000;""></span>","Mr. GuGu","Ready to Ship","size-L, size-M, size-S, size-XS",TRUE,Size,X-Small,Color,"Mint Cream",,,GUGSH0011UXSRTS,0,shopify,1,deny,manual,59.84,69.84,TRUE,TRUE,,https://cdn.shopify.com/s/files/1/0228/8535/products/star_wars_shorts_grande_4895b507-58a7-4d14-952d-201e17d2868e.jpg?v=1438488408,,FALSE,GUGSH0011UXSRTS,unisex,adult,"apparel & accessories > clothing > shorts",,,,,New,TRUE,,,,,,https://cdn.shopify.com/s/files/1/0228/8535/products/star_wars_shorts_grande_4895b507-58a7-4d14-952d-201e17d2868e.jpg?v=1438488408&var_sku=GUGSH0011UXSRTS,lb
star-wars-shorts-ready-to-ship,,,,,,,Size,Large,Color,"Mint Cream",,,GUGSH0011ULGRTS,0,shopify,1,deny,manual,59.84,69.84,TRUE,TRUE,,,,,GUGSH0011ULGRTS,unisex,adult,"apparel & accessories > clothing > shorts",,,,,New,,,,,,,https://cdn.shopify.com/s/files/1/0228/8535/products/star-wars-shorts2.jpg?v=1438467844&var_sku=GUGSH0011ULGRTS,lb
star-wars-shorts-ready-to-ship,,,,,,,Size,Medium,Color,"Mint Cream",,,GUGSH0011UMDRTS,0,shopify,1,deny,manual,59.84,69.84,TRUE,TRUE,,,,,GUGSH0011UMDRTS,unisex,adult,"apparel & accessories > clothing > shorts",,,,,New,,,,,,,https://cdn.shopify.com/s/files/1/0228/8535/products/star-wars-shorts2.jpg?v=1438467844&var_sku=GUGSH0011UMDRTS,lb
star-wars-shorts-ready-to-ship,,,,,,,Size,Small,Color,"Mint Cream",,,GUGSH0011USMRTS,0,shopify,1,deny,manual,59.84,69.84,TRUE,TRUE,,https://cdn.shopify.com/s/files/1/0228/8535/products/star-wars-shorts2_grande_1fa955c0-4331-48e6-a78f-0eaf2597dd86.jpg?v=1438488408,,,GUGSH0011USMRTS,unisex,adult,"apparel & accessories > clothing > shorts",,,,,New,,,,,,,https://cdn.shopify.com/s/files/1/0228/8535/products/star-wars-shorts2_grande_1fa955c0-4331-48e6-a78f-0eaf2597dd86.jpg?v=1438488408&var_sku=GUGSH0011USMRTS,lb
